<?xml version="1.0" encoding="UTF-8"?>
<configuration scan="true" scanPeriod="60000">

    <include resource="org/springframework/boot/logging/logback/defaults.xml"/>

    <!--定义日志文件的存储地址 勿在 LogBack 的配置中使用相对路径-->
    <property name="LOG_HOME" value="@log.dir@"/>
    <property name="LOG_TEMP" value="@log.dir@"/>

    <!-- 控制台输出 -->
    <appender name="STDOUT" class="ch.qos.logback.core.ConsoleAppender">
        <encoder class="ch.qos.logback.classic.encoder.PatternLayoutEncoder">
            <!--格式化输出：%d表示日期，%thread表示线程名，%-5level：级别从左显示5个字符宽度%msg：日志消息，%n是换行符-->
            <pattern>%d{yyyy-MM-dd HH:mm:ss.SSS} [%thread] %-5level %logger{50}:%L - %msg%n</pattern>
        </encoder>
    </appender>

    <!-- 按照每天生成日志文件 -->
    <appender name="FILE" class="ch.qos.logback.core.rolling.RollingFileAppender">
    	<file>${LOG_HOME}/edu-pay-boot.log</file><!-- 当前的日志文件存放路径 -->
        <rollingPolicy class="ch.qos.logback.core.rolling.SizeAndTimeBasedRollingPolicy">
            <!--日志文件输出的文件名-->
            <FileNamePattern>${LOG_HOME}/edu-pay-boot.log.%d{yyyy-MM-dd}.%i.log</FileNamePattern>
            <!--日志文件保留天数-->
            <MaxHistory>30</MaxHistory>
            <maxFileSize>100 MB</maxFileSize>
            <!--<timeBasedFileNamingAndTriggeringPolicy
                    class="ch.qos.logback.core.rolling.SizeAndTimeBasedRollingPolicy">
                &lt;!&ndash; 最大64MB 超过最大值，会重新建一个文件&ndash;&gt;

            </timeBasedFileNamingAndTriggeringPolicy>-->
        </rollingPolicy>
        <encoder class="ch.qos.logback.classic.encoder.PatternLayoutEncoder">
            <!--格式化输出：%d表示日期，%thread表示线程名，%-5level：级别从左显示5个字符宽度%msg：日志消息，%n是换行符-->
            <pattern>%d{yyyy-MM-dd HH:mm:ss.SSS} [%thread] %-5level %logger{50}:%L - %msg%n</pattern>
        </encoder>
    </appender>

    <!--myibatis log configure-->
    <logger name="org.springframework.web" level="INFO"/>

    <!-- 日志输出级别 -->
    <root level="INFO">
        <appender-ref ref="STDOUT"/>
        <appender-ref ref="FILE"/>
    </root>
</configuration>